name,pipeline_id,metric,normalized,score,modality,normal,z_score
LL0_207_autoPrice,826b4ecf-4d38-4c53-ae93-03f7a3b6f01c,MEAN_SQUARED_ERROR,0.0,3086954.8584159994,single_table_regression,-3086954.8584159994,0.3933672179065623
LL0_1100_popularkids,956f3f73-73b0-499b-8a16-d0332c9cd04e,F1_MACRO,0.511131559207869,0.511131559207869,single_table_classification,0.511131559207869,1.001459348468388
534_cps_85_wages,0194a156-ad03-42ad-995e-c2f08cd2145b,MEAN_SQUARED_ERROR,0.9873068950711942,25.387573355083855,single_table_regression,-25.387573355083855,-0.07508825538778434
LL1_TXT_CLS_3746_newsgroup,bb8a92c7-063c-4dc2-a110-bd33098f3478,F1_MACRO,0.40549193335334055,0.40549193335334055,text_classification,0.40549193335334055,0.5464761745558837
32_wikiqa,efa53036-a206-4e74-a8fe-488bc9334ccf,F1,0.5082266910420474,0.5082266910420474,multi_table_classification,0.5082266910420474,1.4992045147238313
LL1_terra_canopy_height_long_form_s4_80,c946b500-7645-4de2-b2b6-1a4023376914,MEAN_ABSOLUTE_ERROR,0.9228949042153548,154.5168896036854,single_table_forecasting,-154.5168896036854,-0.1500939591079336
LL1_336_MS_Geolife_transport_mode_prediction,6bb4ac72-12d8-4e0e-9995-925085878ca2,ACCURACY,0.9948396745491873,0.9948396745491873,single_table_classification,0.9948396745491873,1.0892361343685621
32_wikiqa,3e61dbbb-b7e3-4f54-a5d0-e72b7c3b8944,F1,0.013029315960912051,0.013029315960912051,multi_table_classification,0.013029315960912051,-0.4909226749270188
1491_one_hundred_plants_margin,fa0de1f2-9f4d-4b84-b43b-edb7f6f9f34b,F1_MACRO,0.0,0.0,single_table_classification,0.0,-2.8148901610113053
LL1_ArrowHead,0be7c7e7-cb41-4fc1-a6c1-9ef9ce3aaf73,F1_MACRO,0.6269007103940054,0.6269007103940054,timeseries_classification,0.6269007103940054,0.08410162947557466
LL1_336_MS_Geolife_transport_mode_prediction,ebcd8d9f-02d7-4f73-9c63-abf9ed4ad9b0,ACCURACY,0.8396184098764766,0.8396184098764766,single_table_classification,0.8396184098764766,0.2598919901699297
LL1_OSULeaf,0be7c7e7-cb41-4fc1-a6c1-9ef9ce3aaf73,F1_MACRO,0.4947137451763335,0.4947137451763335,timeseries_classification,0.4947137451763335,0.08410162947557466
22_handgeometry,5767258a-60c4-4140-ae68-485b12a08c36,MEAN_SQUARED_ERROR,0.9998205406248409,0.35891875417105285,image_regression,-0.35891875417105285,0.03533083894569664
22_handgeometry,e802f2ed-c035-40b7-b2b8-7426ac8de3d5,MEAN_SQUARED_ERROR,0.9998602847069,0.2794305880182117,image_regression,-0.2794305880182117,0.981866370349039
SEMI_1040_sylva_prior,b2032505-fc4d-4f8c-b16d-f7bd3443efe2,F1,0.9355742296918768,0.9355742296918768,single_table_classification,0.9355742296918768,-0.5773502691896257
LL1_terra_canopy_height_long_form_s4_70,994a9845-f2ef-4388-879f-72de13c30467,MEAN_ABSOLUTE_ERROR,0.0,7.999041624863677e+21,single_table_forecasting,-7.999041624863677e+21,-0.14939552212048257
LL1_FISH,0be7c7e7-cb41-4fc1-a6c1-9ef9ce3aaf73,F1_MACRO,0.8523023495557578,0.8523023495557578,timeseries_classification,0.8523023495557578,0.08410162947557466
LL1_Cricket_Y,0be7c7e7-cb41-4fc1-a6c1-9ef9ce3aaf73,F1_MACRO,0.5070581834585989,0.5070581834585989,timeseries_classification,0.5070581834585989,0.08410162947557466
LL1_ArrowHead,1131eda4-d87e-472d-adb8-e6a50fda2e70,F1_MACRO,0.4599296893486124,0.4599296893486124,timeseries_classification,0.4599296893486124,0.222617359549353
LL1_OSULeaf,1131eda4-d87e-472d-adb8-e6a50fda2e70,F1_MACRO,0.4676875584336129,0.4676875584336129,timeseries_classification,0.4676875584336129,0.222617359549353
299_libras_move,4228724f-ed91-4ac4-9b31-cd0e9e2f1eca,ACCURACY,0.8194444444444444,0.8194444444444444,single_table_classification,0.8194444444444444,0.0
534_cps_85_wages,b9814a8e-3986-46c2-84b5-04483b16ccaa,MEAN_SQUARED_ERROR,0.9892539821577908,21.492863019623545,single_table_regression,-21.492863019623545,0.48245598850556554
185_baseball,95dd18ba-5025-4043-873f-a146bd120f0c,F1_MACRO,0.6645224171539961,0.6645224171539961,single_table_classification,0.6645224171539961,-0.40955961673086233
LL1_Adiac,d396b0fc-abcd-459c-9a0a-5406bbf2c2e8,F1_MACRO,0.5448486739245578,0.5448486739245578,timeseries_classification,0.5448486739245578,-0.3011122137265542
LL0_acled_reduced,06888384-cca4-46d2-bdb5-f5ae6d668786,ACCURACY,0.7958616858769615,0.7958616858769615,single_table_classification,0.7958616858769615,-0.01644930553074259
loan_status,af9ca8f0-62a5-4b20-bb2c-734dc979156d,F1_MACRO,0.38848540822680744,0.38848540822680744,multi_table_classification,0.38848540822680744,0.7071067811865469
1567_poker_hand,8d6b983a-b8b7-412a-83cc-7dfc20827468,F1_MACRO,0.5475713776014173,0.5475713776014173,single_table_classification,0.5475713776014173,1.297832898757402
LL1_terra_canopy_height_long_form_s4_70,c946b500-7645-4de2-b2b6-1a4023376914,MEAN_ABSOLUTE_ERROR,0.8646999661055775,272.269655257038,single_table_forecasting,-272.269655257038,-0.1500939591079336
26_radon_seed,66b85a4d-793d-4cf3-8f79-984084c49899,ROOT_MEAN_SQUARED_ERROR,0.9999262256389819,0.14754872230380248,single_table_regression,-0.14754872230380248,0.13089031168046225
LL1_736_population_spawn_simpler,b7892980-5e61-4f54-9493-e2c585c0c682,MEAN_ABSOLUTE_ERROR,1.0850211301214037e-06,14427.057734444445,single_table_forecasting,-14427.057734444445,0.5171009419297733
SEMI_1053_jm1,9387cebd-4287-4f14-920b-e43ced133974,F1,0.3894230769230769,0.3894230769230769,single_table_classification,0.3894230769230769,0.7071067811865472
56_sunspots,1eaba585-d621-4bfe-9ecc-8d06ebc60684,ROOT_MEAN_SQUARED_ERROR,0.9753198215300379,49.37038258645542,single_table_forecasting,-49.37038258645542,-0.0011074126986062472
LL1_Meat,d396b0fc-abcd-459c-9a0a-5406bbf2c2e8,F1_MACRO,0.9183920762868132,0.9183920762868132,timeseries_classification,0.9183920762868132,-0.3011122137265542
196_autoMpg,b8d011f8-463f-43f8-ae8c-f42ce07d524b,MEAN_SQUARED_ERROR,0.9955130448074428,8.973970609057256,single_table_regression,-8.973970609057256,0.4905890516343608
LL1_terra_leaf_angle_mean_long_form_s4,c946b500-7645-4de2-b2b6-1a4023376914,MEAN_ABSOLUTE_ERROR,0.9999618270798173,0.07634584040264435,single_table_forecasting,-0.07634584040264435,-0.1500939591079336
LL1_terra_canopy_height_long_form_s4_90,1eaba585-d621-4bfe-9ecc-8d06ebc60684,MEAN_ABSOLUTE_ERROR,0.8554667568212486,291.1049506080215,single_table_forecasting,-291.1049506080215,-0.0011074126986062472
196_autoMpg,bf0223d2-e044-44e6-9d7f-a0a699b81a4e,MEAN_SQUARED_ERROR,0.9395352734899566,121.0771491547293,single_table_regression,-121.0771491547293,-2.927932435060805
LL0_186_braziltourism,b0bda6ce-41aa-41fb-8e05-aa5ee4994a60,F1_MACRO,0.28821800090456806,0.28821800090456806,single_table_classification,0.28821800090456806,-0.13744991305405657
185_baseball,59236740-a37a-44cd-b650-01dc4fd0a21c,F1_MACRO,0.7776166456494326,0.7776166456494326,single_table_classification,0.7776166456494326,0.9411569676990298
1567_poker_hand,8e1615be-af2f-4459-9a36-2e55b0520a31,F1_MACRO,0.13124468447240542,0.13124468447240542,single_table_classification,0.13124468447240542,-0.4782926354783226
124_214_coil20,6825ebf8-0087-4849-8245-05e20d61f98b,ACCURACY,0.36470588235294116,0.36470588235294116,image_classification,0.36470588235294116,0.0
57_hypothyroid,66b85a4d-793d-4cf3-8f79-984084c49899,F1_MACRO,0.9779970953145223,0.9779970953145223,single_table_classification,0.9779970953145223,0.13089031168046225
LL1_terra_leaf_angle_mean_long_form_s4,1eaba585-d621-4bfe-9ecc-8d06ebc60684,MEAN_ABSOLUTE_ERROR,0.9997359320697101,0.5281358728559801,single_table_forecasting,-0.5281358728559801,-0.0011074126986062472
uu_101_object_categories,1d6b19b5-dc6b-41cd-b6cf-0d063f3a5ed4,ACCURACY,0.9412442396313364,0.9412442396313364,image_classification,0.9412442396313364,0.0
27_wordLevels,09148494-7aa8-49c4-b55c-47a7a8a8656c,F1_MACRO,0.2963352536676195,0.2963352536676195,single_table_classification,0.2963352536676195,1.5646858657985008
LL1_HandOutlines,d396b0fc-abcd-459c-9a0a-5406bbf2c2e8,F1,0.8838203848895224,0.8838203848895224,timeseries_classification,0.8838203848895224,-0.3011122137265542
LL1_ItalyPowerDemand,d396b0fc-abcd-459c-9a0a-5406bbf2c2e8,F1,0.9544131910766245,0.9544131910766245,timeseries_classification,0.9544131910766245,-0.3011122137265542
196_autoMpg,0d6058d8-e604-4c4d-b476-d064bd06dbea,MEAN_SQUARED_ERROR,0.9976436521353598,4.7127044515279595,single_table_regression,-4.7127044515279595,0.6205338944927281
57_hypothyroid,d8683bf2-567b-4b3b-9995-100cb29331fd,F1_MACRO,1.0,1.0,single_table_classification,1.0,1.003797107851729
27_wordLevels,97d2a41c-8746-433d-a2a8-a701ab912ac6,F1_MACRO,0.2811112002406717,0.2811112002406717,single_table_classification,0.2811112002406717,-1.1551743340406782
1491_one_hundred_plants_margin,29e0381e-4437-4e5a-ac3d-13c63bcfc11d,F1_MACRO,0.7882171717171716,0.7882171717171716,single_table_classification,0.7882171717171716,0.6106061743941809
uu4_SPECT,ta1-perspecta-pipeline-uu4-svm,F1,0.8842105263157896,0.8842105263157896,single_table_classification,0.8842105263157896,0.0
LL1_736_population_spawn,994a9845-f2ef-4388-879f-72de13c30467,MEAN_ABSOLUTE_ERROR,0.35080386700640354,1547.8159722222222,single_table_forecasting,-1547.8159722222222,-0.14939552212048257
SEMI_1040_sylva_prior,75c2f07b-b5a2-43b2-8e65-d9d12942069e,F1,0.9375,0.9375,single_table_classification,0.9375,1.1547005383792515
LL0_acled_reduced,7c69aa57-635b-4ec9-9a3f-7a1eb0d8a0e3,ACCURACY,0.8164143868907097,0.8164143868907097,single_table_classification,0.8164143868907097,0.23275119715545495
534_cps_85_wages,6d4e6a3e-b1b3-485b-902b-e2df1e5125f2,MEAN_SQUARED_ERROR,0.9847611055652178,30.480148422041133,single_table_regression,-30.480148422041133,-0.8041118978716467
LL0_207_autoPrice,7705f5e2-19bc-441d-b7ae-fb22201b0fcd,MEAN_SQUARED_ERROR,0.0,3327321.54,single_table_regression,-3327321.54,0.39215205228816913
56_sunspots,2cdd2860-82a2-4d58-beea-7c96bf059674,ROOT_MEAN_SQUARED_ERROR,0.9858366441400519,28.328606066826396,single_table_forecasting,-28.328606066826396,0.8575484460164924
LL1_terra_canopy_height_long_form_s4_100,994a9845-f2ef-4388-879f-72de13c30467,MEAN_ABSOLUTE_ERROR,0.0,2840428177301.829,single_table_forecasting,-2840428177301.829,-0.14939552212048257
26_radon_seed,7d54f770-f0c1-4b85-b683-76d6bf3d7fb1,ROOT_MEAN_SQUARED_ERROR,0.9999345442807173,0.13091143875236794,single_table_regression,-0.13091143875236794,0.003647391923539393
38_sick,7d54f770-f0c1-4b85-b683-76d6bf3d7fb1,F1,0.9010989010989011,0.9010989010989011,single_table_classification,0.9010989010989011,0.003647391923539393
1491_one_hundred_plants_margin,95dd18ba-5025-4043-873f-a146bd120f0c,F1_MACRO,0.6255873015873016,0.6255873015873016,single_table_classification,0.6255873015873016,-0.40955961673086233
1491_one_hundred_plants_margin,99a99a83-43f0-42e6-8f5a-4b8772cb0016,F1_MACRO,0.8279444444444445,0.8279444444444445,single_table_classification,0.8279444444444445,0.783256088689321
uu5_heartstatlog,ta1-perspecta-pipeline-uu5-svm,F1,0.6744186046511628,0.6744186046511628,single_table_classification,0.6744186046511628,-0.7071067811865475
56_sunspots,994a9845-f2ef-4388-879f-72de13c30467,ROOT_MEAN_SQUARED_ERROR,0.9688434748525142,62.33322507638796,single_table_forecasting,-62.33322507638796,-0.14939552212048257
LL1_terra_canopy_height_long_form_s4_100,1eaba585-d621-4bfe-9ecc-8d06ebc60684,MEAN_ABSOLUTE_ERROR,0.8562847968195075,289.43416530614724,single_table_forecasting,-289.43416530614724,-0.0011074126986062472
SEMI_1053_jm1,ef9b5a21-ec48-4fa8-974f-78e03a89832a,F1,0.2622950819672131,0.2622950819672131,single_table_classification,0.2622950819672131,-0.7071067811865479
124_174_cifar10,6825ebf8-0087-4849-8245-05e20d61f98b,ACCURACY,0.698,0.698,image_classification,0.698,0.0
LL1_FISH,d396b0fc-abcd-459c-9a0a-5406bbf2c2e8,F1_MACRO,0.7015048598149904,0.7015048598149904,timeseries_classification,0.7015048598149904,-0.3011122137265542
38_sick,6531b053-402c-4a64-b326-0ef0edf49f33,F1,0.6075949367088608,0.6075949367088608,single_table_classification,0.6075949367088608,-0.8593191325954291
185_baseball,ffb93bad-1caa-42ea-b9f0-c95e6a544d51,F1_MACRO,0.6483313755609771,0.6483313755609771,single_table_classification,0.6483313755609771,0.09831355690981541
38_sick,7b4d825f-70b9-4659-8d34-6b037c4f735f,F1,0.9565217391304348,0.9565217391304348,single_table_classification,0.9565217391304348,1.2557308550720536
LL0_186_braziltourism,3e8906e5-074c-451f-ab0f-3057648f0e78,F1_MACRO,0.3754496402877698,0.3754496402877698,single_table_classification,0.3754496402877698,0.7852595697401199
534_cps_85_wages,b361769d-bd6c-4cd9-b638-1a884c42553f,MEAN_SQUARED_ERROR,0.9914534141473088,17.093587908907164,single_table_regression,-17.093587908907164,1.1122308123098386
1491_one_hundred_plants_margin,de14f8f9-11fa-4681-9995-13e2e1030367,F1_MACRO,0.7026746031746032,0.7026746031746032,single_table_classification,0.7026746031746032,0.23884853503018516
LL1_736_population_spawn,f2c2cd41-75dd-42c1-903f-67a1cc686c19,MEAN_ABSOLUTE_ERROR,9.201651912633111e-07,14591.859347777778,single_table_forecasting,-14591.859347777778,0.5005984478429073
27_wordLevels,ta1-perspecta-pipeline-wordlevels-rfsel,F1_MACRO,0.28551129646806034,0.28551129646806034,single_table_classification,0.28551129646806034,-0.36907313820848436
LL1_736_population_spawn_simpler,1eaba585-d621-4bfe-9ecc-8d06ebc60684,MEAN_ABSOLUTE_ERROR,2.3220521758628315e-15,34389.47222222222,single_table_forecasting,-34389.47222222222,-0.0011074126986062472
27_wordLevels,356835b4-5de8-4189-a23b-edd74e9331c0,F1_MACRO,0.2863424048943403,0.2863424048943403,single_table_classification,0.2863424048943403,-0.22059108372563335
LL0_207_autoPrice,f9f4dabd-84b6-4456-ae8b-e96a67a4cef1,MEAN_SQUARED_ERROR,0.0,5932121.152361019,single_table_regression,-5932121.152361019,0.378983576063069
LL1_FordA,1131eda4-d87e-472d-adb8-e6a50fda2e70,F1,0.7103163686382393,0.7103163686382393,timeseries_classification,0.7103163686382393,0.222617359549353
LL0_207_autoPrice,66b85a4d-793d-4cf3-8f79-984084c49899,MEAN_SQUARED_ERROR,0.0,47962772.91,single_table_regression,-47962772.91,0.13089031168046225
196_autoMpg,bddf01e0-5660-4431-a91d-a7240ec030a5,MEAN_SQUARED_ERROR,0.997414701467491,5.170608584755256,single_table_regression,-5.170608584755256,0.6065703732207036
LL1_336_MS_Geolife_transport_mode_prediction,b534ba8e-7c20-4452-b2c7-eca4f36e6817,ACCURACY,0.7857257942730044,0.7857257942730044,single_table_classification,0.7857257942730044,-0.02805518807610246
196_autoMpg,19469f63-add0-4f3b-b5f9-1897c756d22a,MEAN_SQUARED_ERROR,0.9941407968563247,11.718540388763474,single_table_regression,-11.718540388763474,0.406894986172716
38_sick,6531b053-402c-4a64-b326-0ef0edf49f33,F1,0.6075949367088608,0.6075949367088608,single_table_classification,0.6075949367088608,-0.8593191325954291
185_baseball,b73b2670-5b50-4a69-a82d-6c9c9604775f,F1_MACRO,0.7230250621944867,0.7230250621944867,single_table_classification,0.7230250621944867,-0.07688145813277839
LL0_acled_reduced,57c18449-88ef-47fe-a00a-f218569e993a,ACCURACY,0.7773920288848771,0.7773920288848771,single_table_classification,0.7773920288848771,-0.24039300051225615
LL0_207_autoPrice,0eef11cd-bf70-4308-9447-a83b800881db,MEAN_SQUARED_ERROR,0.0,9138784.96898281,single_table_regression,-9138784.96898281,0.3627723957363036
32_wikiqa,ba426731-c1db-4ea3-800c-58e68b4f4326,F1,0.0,0.0,multi_table_classification,0.0,-0.5432856260676916
SEMI_1459_artificial_characters,e88999e7-c401-4fcf-880b-e8116a85af6c,F1_MACRO,0.7043693232867909,0.7043693232867909,single_table_classification,0.7043693232867909,0.7071067811865475
49_facebook,4e24c9ee-3bdb-406b-9e34-8ae46228efa5,ACCURACY,0.8726993865030674,0.8726993865030674,graph_graph_matching,0.8726993865030674,0.0
LL1_ArrowHead,d396b0fc-abcd-459c-9a0a-5406bbf2c2e8,F1_MACRO,0.6520930050341814,0.6520930050341814,timeseries_classification,0.6520930050341814,-0.3011122137265542
LL1_736_population_spawn,1eaba585-d621-4bfe-9ecc-8d06ebc60684,MEAN_ABSOLUTE_ERROR,5.835105654317239e-17,38073.20138888889,single_table_forecasting,-38073.20138888889,-0.0011074126986062472
30_personae,1ae6124b-44ce-45c4-b9f2-6ecbd565aff9,F1,0.6190476190476191,0.6190476190476191,text_classification,0.6190476190476191,0.2199916691122885
38_sick,6531b053-402c-4a64-b326-0ef0edf49f33,F1,0.6075949367088608,0.6075949367088608,single_table_classification,0.6075949367088608,-0.8593191325954291
SEMI_155_pokerhand,b3b2479d-9e66-4063-9db6-9a210964da75,F1_MACRO,0.4852041202445321,0.4852041202445321,single_table_classification,0.4852041202445321,0.0
LL0_207_autoPrice,f0cd5b0c-e9cc-4d58-9941-e3987eaba9f6,MEAN_SQUARED_ERROR,0.0,31650091.043628227,single_table_regression,-31650091.043628227,0.24896725025287622
SEMI_1217_click_prediction_small,886898fe-e96b-48b7-84fc-3f94ff1e5443,F1,0.020467836257309944,0.020467836257309944,single_table_classification,0.020467836257309944,-0.7071067811865476
185_baseball,77ec102a-5dad-47f3-8751-dba2afe99976,F1_MACRO,0.7825280769970172,0.7825280769970172,single_table_classification,0.7825280769970172,0.9731758322303339
LL0_207_autoPrice,4b734d4b-f307-441b-ae78-7a338684d01a,MEAN_SQUARED_ERROR,0.0,5092400.700494042,single_table_regression,-5092400.700494042,0.3832287543691721
LL1_terra_canopy_height_long_form_s4_80,994a9845-f2ef-4388-879f-72de13c30467,MEAN_ABSOLUTE_ERROR,0.0,2844600644910.581,single_table_forecasting,-2844600644910.581,-0.14939552212048257
LL0_186_braziltourism,793b4864-4d1d-4f39-a3b0-a219c008e5d1,F1_MACRO,0.2744319950202303,0.2744319950202303,single_table_classification,0.2744319950202303,-0.28327404807294243
299_libras_move,50f508c3-ced1-4d15-b6cd-4dbb6c3efddf,ACCURACY,0.8888888888888888,0.8888888888888888,single_table_classification,0.8888888888888888,1.6222142113076254
30_personae,2a7a8a2d-b2fe-4ffa-bfde-0bf013609d3b,F1,0.6060606060606061,0.6060606060606061,text_classification,0.6060606060606061,-1.4045621951015033
LL1_736_population_spawn_simpler,994a9845-f2ef-4388-879f-72de13c30467,MEAN_ABSOLUTE_ERROR,0.40518808425788105,1370.1597222222222,single_table_forecasting,-1370.1597222222222,-0.14939552212048257
1491_one_hundred_plants_margin,ef706d8d-156c-4d82-939f-971afc0777d0,F1_MACRO,0.6767582972582973,0.6767582972582973,single_table_classification,0.6767582972582973,0.12621940929044795
LL1_ElectricDevices,d396b0fc-abcd-459c-9a0a-5406bbf2c2e8,F1_MACRO,0.4523203894717594,0.4523203894717594,timeseries_classification,0.4523203894717594,-0.3011122137265542
LL0_acled_reduced,f9dc19cc-ab3b-4ccc-8358-cfe789720f29,ACCURACY,0.8777947507290654,0.8777947507290654,single_table_classification,0.8777947507290654,0.97698513085342
LL0_207_autoPrice,b388b8a1-91f5-41c5-bf2e-b5cfc6c8c572,MEAN_SQUARED_ERROR,0.0,8070633.000606882,single_table_regression,-8070633.000606882,0.3681724018379641
26_radon_seed,78826dab-c362-4788-8aed-181ef846073b,ROOT_MEAN_SQUARED_ERROR,0.9999991190303348,0.001761939330241021,single_table_regression,-0.001761939330241021,0.8926854000643805
LL1_50words,6262be44-e3b2-4770-acf9-6d21c0b348e8,F1_MACRO,0.41076868319605986,0.41076868319605986,timeseries_classification,0.41076868319605986,0.7071067811865475
196_autoMpg,3013ad40-7c51-4991-b0fb-dbec65607979,MEAN_SQUARED_ERROR,0.9949718838741726,10.056317000000002,single_table_regression,-10.056317000000002,0.45758352546208264
32_wikiqa,ab3b8119-d949-4333-a3ee-1c19f55a64ac,F1,0.01948051948051948,0.01948051948051948,multi_table_classification,0.01948051948051948,-0.4649962137291208
LL1_Haptics,1131eda4-d87e-472d-adb8-e6a50fda2e70,F1_MACRO,0.41740432288120494,0.41740432288120494,timeseries_classification,0.41740432288120494,0.222617359549353
LL1_336_MS_Geolife_transport_mode_prediction,dfc9b0c5-2c58-4d02-835e-869c18e850c0,ACCURACY,0.5437226987514056,0.5437226987514056,single_table_classification,0.5437226987514056,-1.3210729364623892
uu6_hepatitis,ta1-perspecta-pipeline-uu6-svm,F1,0.3076923076923077,0.3076923076923077,single_table_classification,0.3076923076923077,-0.7071067811865475
22_handgeometry,5a9752e8-1601-486f-ad61-560f9cbf771a,MEAN_SQUARED_ERROR,0.9997763460234812,0.4473079604959551,image_regression,-0.4473079604959551,-1.017197209294735
uu7_pima_diabetes,ta1-perspecta-pipeline-uu7-svm,F1,0.64,0.64,single_table_classification,0.64,0.0
LL1_net_nomination_seed,784d3b0b-bfe3-4346-8740-136dd23fb7dc,ACCURACY,0.8,0.8,graph_vertex_classification,0.8,0.0
196_autoMpg,66b85a4d-793d-4cf3-8f79-984084c49899,MEAN_SQUARED_ERROR,0.9943274108458722,11.3453,single_table_regression,-11.3453,0.13089031168046225
LL0_acled_reduced,56c1880a-fdee-4454-933f-2275a5d78ad2,ACCURACY,0.8300236078322455,0.8300236078322455,single_table_classification,0.8300236078322455,0.39776234082604367
196_autoMpg,74f5ccb1-053a-46cf-ad7f-005f67a15652,MEAN_SQUARED_ERROR,0.9686307674881866,62.759056,single_table_regression,-62.759056,-1.149555968854628
1491_one_hundred_plants_margin,b73b2670-5b50-4a69-a82d-6c9c9604775f,F1_MACRO,0.6255873015873016,0.6255873015873016,single_table_classification,0.6255873015873016,-0.07688145813277839
LL1_FaceFour,d396b0fc-abcd-459c-9a0a-5406bbf2c2e8,F1_MACRO,0.6529761904761904,0.6529761904761904,timeseries_classification,0.6529761904761904,-0.3011122137265542
LL0_207_autoPrice,733b72f8-2194-4520-aa04-c5519c460f84,MEAN_SQUARED_ERROR,0.0,5966161.668207572,single_table_regression,-5966161.668207572,0.37881148538803655
4550_MiceProtein,7d54f770-f0c1-4b85-b683-76d6bf3d7fb1,F1_MACRO,0.981799774911598,0.981799774911598,single_table_classification,0.981799774911598,0.003647391923539393
LL1_HandOutlines,0be7c7e7-cb41-4fc1-a6c1-9ef9ce3aaf73,F1,0.8627156789197299,0.8627156789197299,timeseries_classification,0.8627156789197299,0.08410162947557466
LL0_1100_popularkids,7e8a5e26-52ed-4707-a870-b5becf084ca4,F1_MACRO,0.5262369165281787,0.5262369165281787,single_table_classification,0.5262369165281787,1.2405190510456052
185_baseball,f4fe3fcc-45fe-4c85-8845-549e2f466f21,F1_MACRO,0.31627296587926507,0.31627296587926507,single_table_classification,0.31627296587926507,-2.066459293128634
38_sick,395cc72c-fb3c-4671-8206-d1798b64bed4,F1,0.967032967032967,0.967032967032967,single_table_classification,0.967032967032967,1.319445572002169
196_autoMpg,7d54f770-f0c1-4b85-b683-76d6bf3d7fb1,MEAN_SQUARED_ERROR,0.9915125038150704,16.9754,single_table_regression,-16.9754,0.003647391923539393
LL0_acled_reduced,b73b2670-5b50-4a69-a82d-6c9c9604775f,ACCURACY,0.7954450770726288,0.7954450770726288,single_table_classification,0.7954450770726288,-0.07688145813277839
4550_MiceProtein,b73b2670-5b50-4a69-a82d-6c9c9604775f,F1_MACRO,0.9892857142857143,0.9892857142857143,single_table_classification,0.9892857142857143,-0.07688145813277839
27_wordLevels,615813dc-e3f9-4fa0-ae76-b80b50c1cf4f,F1_MACRO,0.28858551453091674,0.28858551453091674,single_table_classification,0.28858551453091674,0.18015269017631502
30_personae,5dde3d61-2c59-4808-840a-03d63e0632ac,F1,0.6190476190476191,0.6190476190476191,text_classification,0.6190476190476191,0.2199916691122885
LL1_ItalyPowerDemand,0be7c7e7-cb41-4fc1-a6c1-9ef9ce3aaf73,F1,0.9534192269573836,0.9534192269573836,timeseries_classification,0.9534192269573836,0.08410162947557466
66_chlorineConcentration,1131eda4-d87e-472d-adb8-e6a50fda2e70,F1_MACRO,0.7599497449858822,0.7599497449858822,timeseries_classification,0.7599497449858822,0.222617359549353
SEMI_1040_sylva_prior,26c233e6-4f05-489e-b6a5-bfb03660d8d6,F1,0.9355742296918768,0.9355742296918768,single_table_classification,0.9355742296918768,-0.5773502691896257
LL0_207_autoPrice,0e17cea9-45d2-4a5c-b35f-05a2e5033a08,MEAN_SQUARED_ERROR,0.0,724073490.7770156,single_table_regression,-724073490.7770156,-3.251555797210009
185_baseball,49c57f54-4781-493d-8826-cc5bb7b23719,F1_MACRO,0.6374814814814815,0.6374814814814815,single_table_classification,0.6374814814814815,0.027580350208023387
LL1_CinC_ECG_torso,d396b0fc-abcd-459c-9a0a-5406bbf2c2e8,F1_MACRO,0.5374132785701669,0.5374132785701669,timeseries_classification,0.5374132785701669,-0.3011122137265542
38_sick,6531b053-402c-4a64-b326-0ef0edf49f33,F1,0.6075949367088608,0.6075949367088608,single_table_classification,0.6075949367088608,-0.8593191325954291
LL1_Meat,0be7c7e7-cb41-4fc1-a6c1-9ef9ce3aaf73,F1_MACRO,0.59428706886334,0.59428706886334,timeseries_classification,0.59428706886334,0.08410162947557466
LL1_726_TIDY_GPS_carpool_bus_service_rating_prediction,f0b2bd13-c35c-45f1-b2d8-c63785abcc4e,F1_MACRO,0.5583333333333333,0.5583333333333333,multi_table_classification,0.5583333333333333,0.0
LL1_ECG200,d396b0fc-abcd-459c-9a0a-5406bbf2c2e8,F1,0.893939393939394,0.893939393939394,timeseries_classification,0.893939393939394,-0.3011122137265542
LL1_OSULeaf,d396b0fc-abcd-459c-9a0a-5406bbf2c2e8,F1_MACRO,0.44946005872644396,0.44946005872644396,timeseries_classification,0.44946005872644396,-0.3011122137265542
LL1_736_stock_market,994a9845-f2ef-4388-879f-72de13c30467,MEAN_ABSOLUTE_ERROR,0.999184096737023,1.6318068880509031,single_table_forecasting,-1.6318068880509031,-0.14939552212048257
38_sick,6531b053-402c-4a64-b326-0ef0edf49f33,F1,0.6075949367088608,0.6075949367088608,single_table_classification,0.6075949367088608,-0.8593191325954291
LL0_1100_popularkids,ta1-perspecta-pipeline-ll0_1100-rfsel,F1_MACRO,0.45065220807795064,0.45065220807795064,single_table_classification,0.45065220807795064,0.04430385809532622
299_libras_move,91e9689b-b095-4dd3-91ac-37b304deabee,ACCURACY,0.8194444444444444,0.8194444444444444,single_table_classification,0.8194444444444444,0.0
kaggle_music_hackathon,64a96253-f9c7-4469-8db5-cb76e3af123b,ROOT_MEAN_SQUARED_ERROR,0.9893024341768618,21.395947840401586,multi_table_regression,-21.395947840401586,-0.7071067811865476
LL1_TXT_CLS_airline_opinion,bb8a92c7-063c-4dc2-a110-bd33098f3478,ACCURACY,0.7441939890710383,0.7441939890710383,text_classification,0.7441939890710383,0.5464761745558837
LL1_TXT_CLS_airline_opinion,818dcf9f-ba75-44e2-86a1-4befa0a94e19,ACCURACY,0.719603825136612,0.719603825136612,text_classification,0.719603825136612,-0.7071067811865444
LL1_retail_sales_total,1b7f3cef-7a58-4e2c-9dfd-b80c47972d2a,ROOT_MEAN_SQUARED_ERROR,0.5016485634904883,1094.2209385751403,multi_table_regression,-1094.2209385751403,0.7071067811865475
313_spectrometer,d723ad5b-d16c-4123-8e97-b7f61daa565e,F1_MACRO,0.571060924369748,0.571060924369748,single_table_classification,0.571060924369748,0.7071067811865476
534_cps_85_wages,0431cde4-cc0a-4fc7-811a-b7a8fc1af5cf,MEAN_SQUARED_ERROR,0.9907771738439068,18.44617533781979,single_table_regression,-18.44617533781979,0.9186022057131916
LL0_186_braziltourism,b54af5c6-1900-4674-8d76-be29a884c5b9,F1_MACRO,0.40389576883384937,0.40389576883384937,single_table_classification,0.40389576883384937,1.0861539785101593
196_autoMpg,2f5a0ce7-cae3-4405-a93d-87e290745896,MEAN_SQUARED_ERROR,0.9732357757672538,53.541235193669316,single_table_regression,-53.541235193669316,-0.8684638633876169
LL1_ECG200,1131eda4-d87e-472d-adb8-e6a50fda2e70,F1,0.9302325581395349,0.9302325581395349,timeseries_classification,0.9302325581395349,0.222617359549353
56_sunspots_monthly,2cdd2860-82a2-4d58-beea-7c96bf059674,ROOT_MEAN_SQUARED_ERROR,0.9763144720166794,47.379917403966196,single_table_forecasting,-47.379917403966196,0.8575484460164924
LL0_1100_popularkids,95dd18ba-5025-4043-873f-a146bd120f0c,F1_MACRO,0.39711399711399703,0.39711399711399703,single_table_classification,0.39711399711399703,-0.40955961673086233
LL1_ElectricDevices,1131eda4-d87e-472d-adb8-e6a50fda2e70,F1_MACRO,0.37476795278514485,0.37476795278514485,timeseries_classification,0.37476795278514485,0.222617359549353
LL0_207_autoPrice,fe2a32f0-fae3-443e-a2d0-1f467134e5eb,MEAN_SQUARED_ERROR,0.0,3062807.588520408,single_table_regression,-3062807.588520408,0.3934892936117384
196_autoMpg,89292503-dfb6-412d-9c0a-9f8ebbc2b09a,MEAN_SQUARED_ERROR,0.9942217536933277,11.556621232481858,single_table_regression,-11.556621232481858,0.4118326170413247
1491_one_hundred_plants_margin,ta1-perspecta-pipeline-1491-rfsel,F1_MACRO,0.8593095238095237,0.8593095238095237,single_table_classification,0.8593095238095237,0.919564923715987
LL0_acled_reduced,9a7a9525-01e0-4890-af23-959236cf96ee,ACCURACY,0.5596444938203028,0.5596444938203028,single_table_classification,0.5596444938203028,-2.880571299241689
56_sunspots_monthly,c946b500-7645-4de2-b2b6-1a4023376914,ROOT_MEAN_SQUARED_ERROR,0.972253313919826,55.50761979530546,single_table_forecasting,-55.50761979530546,-0.1500939591079336
4550_MiceProtein,95dd18ba-5025-4043-873f-a146bd120f0c,F1_MACRO,0.9667459069581711,0.9667459069581711,single_table_classification,0.9667459069581711,-0.40955961673086233
LL1_retail_sales_total,52119c34-3477-4879-b249-b5d5a9bfa6df,ROOT_MEAN_SQUARED_ERROR,0.24203472494320966,1982.8311181589834,multi_table_regression,-1982.8311181589834,-0.7071067811865475
kaggle_music_hackathon,0de9f2b4-241f-4852-8f4a-ebb9b2955e37,ROOT_MEAN_SQUARED_ERROR,0.9898547568534619,20.291182475320003,multi_table_regression,-20.291182475320003,0.7071067811865476
534_cps_85_wages,e4630e52-dc7b-411b-901e-90e2ddd3d372,MEAN_SQUARED_ERROR,0.9879345300638404,24.132110933007844,single_table_regression,-24.132110933007844,0.10463649602178467
LL1_Cricket_Y,d396b0fc-abcd-459c-9a0a-5406bbf2c2e8,F1_MACRO,0.5155055366183924,0.5155055366183924,timeseries_classification,0.5155055366183924,-0.3011122137265542
57_hypothyroid,05a0caa2-67e4-4c4c-9dd4-a29fa2395b85,F1_MACRO,1.0,1.0,single_table_classification,1.0,1.003797107851729
SEMI_1459_artificial_characters,36c5ead1-d02b-44eb-afe0-92404ccba0a1,F1_MACRO,0.6729830215829791,0.6729830215829791,single_table_classification,0.6729830215829791,-0.7071067811865475
59_umls,082ba558-c2fb-4f75-bc36-19092f136a52,ACCURACY,0.94279847462599,0.94279847462599,graph_link_prediction,0.94279847462599,0.0
LL1_terra_canopy_height_long_form_s4_90,994a9845-f2ef-4388-879f-72de13c30467,MEAN_ABSOLUTE_ERROR,0.0,2840428177715.229,single_table_forecasting,-2840428177715.229,-0.14939552212048257
1567_poker_hand,a6d8d2de-91dc-474f-984c-aa23280118b4,F1_MACRO,0.2909473128569657,0.2909473128569657,single_table_classification,0.2909473128569657,0.20302787757001567
LL0_1100_popularkids,dbbbaee5-c757-4387-8d6e-f40796503757,F1_MACRO,0.5131698864723157,0.5131698864723157,single_table_classification,0.5131698864723157,1.0337182284975601
uu5_heartstatlog,ta1-perspecta-pipeline-uu5-mfa,F1,0.7428571428571428,0.7428571428571428,single_table_classification,0.7428571428571428,0.7071067811865475
LL0_1100_popularkids,ae14aac2-6483-4657-8fe1-bce377a90715,F1_MACRO,0.534747412260558,0.534747412260558,single_table_classification,0.534747412260558,1.3752074622778097
LL0_acled_reduced,95dd18ba-5025-4043-873f-a146bd120f0c,ACCURACY,0.7935009026524094,0.7935009026524094,single_table_classification,0.7935009026524094,-0.40955961673086233
LL0_acled_reduced,35402e50-52f3-487d-89eb-22649f65b41f,ACCURACY,0.9209831967782253,0.9209831967782253,single_table_classification,0.9209831967782253,1.5006429439304951
LL1_Meat,1131eda4-d87e-472d-adb8-e6a50fda2e70,F1_MACRO,0.4679802955665025,0.4679802955665025,timeseries_classification,0.4679802955665025,0.222617359549353
57_hypothyroid,b73b2670-5b50-4a69-a82d-6c9c9604775f,F1_MACRO,0.9559928679667394,0.9559928679667394,single_table_classification,0.9559928679667394,-0.07688145813277839
66_chlorineConcentration,d396b0fc-abcd-459c-9a0a-5406bbf2c2e8,F1_MACRO,0.46886537719525934,0.46886537719525934,timeseries_classification,0.46886537719525934,-0.3011122137265542
LL1_Adiac,1131eda4-d87e-472d-adb8-e6a50fda2e70,F1_MACRO,0.6974538933916442,0.6974538933916442,timeseries_classification,0.6974538933916442,0.222617359549353
56_sunspots,c946b500-7645-4de2-b2b6-1a4023376914,ROOT_MEAN_SQUARED_ERROR,0.9611937109220324,77.65157304950192,single_table_forecasting,-77.65157304950192,-0.1500939591079336
LL1_Adiac,0be7c7e7-cb41-4fc1-a6c1-9ef9ce3aaf73,F1_MACRO,0.7098681862914222,0.7098681862914222,timeseries_classification,0.7098681862914222,0.08410162947557466
1491_one_hundred_plants_margin,7bf9411b-fb90-410a-85c0-5db57d3d9f09,F1_MACRO,0.6206697191697191,0.6206697191697191,single_table_classification,0.6206697191697191,-0.1175347559251628
124_188_usps,6825ebf8-0087-4849-8245-05e20d61f98b,ACCURACY,0.18834080717488788,0.18834080717488788,image_classification,0.18834080717488788,0.0
LL0_207_autoPrice,bad5a3b9-bce9-4177-8e92-d7109e025dc2,MEAN_SQUARED_ERROR,0.0,156337695.09383947,single_table_regression,-156337695.09383947,-0.3813867093024354
LL1_Haptics,0be7c7e7-cb41-4fc1-a6c1-9ef9ce3aaf73,F1_MACRO,0.41529586275648106,0.41529586275648106,timeseries_classification,0.41529586275648106,0.08410162947557466
LL0_1100_popularkids,8ea1b544-6273-4a6a-9bd8-1fb4c52e929d,F1_MACRO,0.4281530905384116,0.4281530905384116,single_table_classification,0.4281530905384116,-0.3117706281414396
38_sick,b73b2670-5b50-4a69-a82d-6c9c9604775f,F1,0.8674698795180723,0.8674698795180723,single_table_classification,0.8674698795180723,-0.07688145813277839
185_baseball,f0d94e6a-c43b-4d9b-bed0-e92c2db17754,F1_MACRO,0.31696136214800263,0.31696136214800263,single_table_classification,0.31696136214800263,-2.061971463550521
LL1_HandOutlines,1131eda4-d87e-472d-adb8-e6a50fda2e70,F1,0.8702064896755162,0.8702064896755162,timeseries_classification,0.8702064896755162,0.222617359549353
LL1_CinC_ECG_torso,1131eda4-d87e-472d-adb8-e6a50fda2e70,F1_MACRO,0.5896518741046777,0.5896518741046777,timeseries_classification,0.5896518741046777,0.222617359549353
534_cps_85_wages,c8934a67-a378-4ca4-9624-e1f20d07344a,MEAN_SQUARED_ERROR,0.9814976789821765,37.0088655754717,single_table_regression,-37.0088655754717,-1.7387253492909494
LL0_207_autoPrice,7d54f770-f0c1-4b85-b683-76d6bf3d7fb1,MEAN_SQUARED_ERROR,0.0,47962772.91,single_table_regression,-47962772.91,0.003647391923539393
26_radon_seed,f59f1738-0c3f-46e9-b019-a5323fae08cc,ROOT_MEAN_SQUARED_ERROR,0.9999967547665107,0.006490466978684242,single_table_regression,-0.006490466978684242,0.8323118751307297
LL1_736_stock_market,1eaba585-d621-4bfe-9ecc-8d06ebc60684,MEAN_ABSOLUTE_ERROR,0.9855399417854318,28.9221323494202,single_table_forecasting,-28.9221323494202,-0.0011074126986062472
LL1_736_population_spawn,c946b500-7645-4de2-b2b6-1a4023376914,MEAN_ABSOLUTE_ERROR,0.0,11612190.267361112,single_table_forecasting,-11612190.267361112,-0.1500939591079336
196_autoMpg,83067afe-2785-473f-a3ee-78b089405864,MEAN_SQUARED_ERROR,0.993438387408285,13.123413527398125,single_table_regression,-13.123413527398125,0.36405419367416253
LL1_terra_canopy_height_long_form_s4_100,c946b500-7645-4de2-b2b6-1a4023376914,MEAN_ABSOLUTE_ERROR,0.98398153926436,32.039662022686024,single_table_forecasting,-32.039662022686024,-0.1500939591079336
60_jester,7fd6a2cd-bdf8-49ae-a842-1e8d5efb9a6a,MEAN_ABSOLUTE_ERROR,0.9984549557713158,3.090090916218908,single_table_collaborative_filtering,-3.090090916218908,0.0
1491_one_hundred_plants_margin,b172280d-5ba7-4cd5-9deb-4a7b2bad0557,F1_MACRO,0.6666782106782108,0.6666782106782108,single_table_classification,0.6666782106782108,0.08241257422057433
LL1_TXT_CLS_apple_products_sentiment,58a8476d-fa09-4a11-b3f3-a710705955c4,ACCURACY,0.6516709511568124,0.6516709511568124,text_classification,0.6516709511568124,0.12382398142327034
185_baseball,abac0481-aa86-426a-b46d-101ad3760de5,F1_MACRO,0.633758639021797,0.633758639021797,single_table_classification,0.633758639021797,0.00331019758812612
LL1_ItalyPowerDemand,1131eda4-d87e-472d-adb8-e6a50fda2e70,F1,0.9666011787819253,0.9666011787819253,timeseries_classification,0.9666011787819253,0.222617359549353
LL0_186_braziltourism,ta1-perspecta-pipeline-186braziltourism-rfsel,F1_MACRO,0.16406619385342788,0.16406619385342788,single_table_classification,0.16406619385342788,-1.450689587123281
LL0_acled_reduced,ta1-perspecta-pipeline-acled-rfsel,ACCURACY,0.7680877655881128,0.7680877655881128,single_table_classification,0.7680877655881128,-0.3532067415931698
uu6_hepatitis,ta1-perspecta-pipeline-uu6-rf,F1,0.5333333333333333,0.5333333333333333,single_table_classification,0.5333333333333333,0.7071067811865475
SEMI_1217_click_prediction_small,32ed311a-3aad-4e03-926c-c2916949ffe3,F1,0.15384615384615385,0.15384615384615385,single_table_classification,0.15384615384615385,0.7071067811865476
LL0_1100_popularkids,c3d8a5be-bf82-4864-9423-a536f9764c43,F1_MACRO,0.3560187705789324,0.3560187705789324,single_table_classification,0.3560187705789324,-1.4533794434415033
185_baseball,b32b9af1-34b4-437b-ad83-650f7df10acb,F1_MACRO,0.6686705107757739,0.6686705107757739,single_table_classification,0.6686705107757739,0.23090952925232214
LL1_736_stock_market,f63efd04-5029-40e1-8b86-4e02ab3f1074,MEAN_ABSOLUTE_ERROR,0.990848531263467,18.303448451965068,single_table_forecasting,-18.303448451965068,0.12377713534407411
196_autoMpg,83067afe-2785-473f-a3ee-78b089405864,MEAN_SQUARED_ERROR,0.993438387408285,13.123413527398125,single_table_regression,-13.123413527398125,0.36405419367416253
LL1_3476_HMDB_actio_recognition,3c1fac5b-f1b9-4470-a8e7-9c7bd60668da,ACCURACY,0.9841269841269841,0.9841269841269841,video_classification,0.9841269841269841,0.0
LL1_ECG200,0be7c7e7-cb41-4fc1-a6c1-9ef9ce3aaf73,F1,0.9037037037037037,0.9037037037037037,timeseries_classification,0.9037037037037037,0.08410162947557466
LL0_acled_reduced,66b85a4d-793d-4cf3-8f79-984084c49899,ACCURACY,0.8214136925427024,0.8214136925427024,single_table_classification,0.8214136925427024,0.13089031168046225
LL1_VTXC_1369_synthetic,19153b3c-2520-4f69-a630-2a89face5c42,F1_MACRO,0.9709513019074235,0.9709513019074235,graph_vertex_classification,0.9709513019074235,0.0
LL1_terra_canopy_height_long_form_s4_70,1eaba585-d621-4bfe-9ecc-8d06ebc60684,MEAN_ABSOLUTE_ERROR,0.8497629392413081,302.76592432788516,single_table_forecasting,-302.76592432788516,-0.0011074126986062472
LL1_TXT_CLS_apple_products_sentiment,24a825b2-7aea-43ec-945d-d55a647012c7,ACCURACY,0.5822622107969152,0.5822622107969152,text_classification,0.5822622107969152,-1.0561457239043743
185_baseball,c98f1608-29c8-4d2d-9882-3143e8c3a81e,F1_MACRO,0.7796290930165171,0.7796290930165171,single_table_classification,0.7796290930165171,0.9542766216375393
LL0_1100_popularkids,66b85a4d-793d-4cf3-8f79-984084c49899,F1_MACRO,0.4248804801139254,0.4248804801139254,single_table_classification,0.4248804801139254,0.13089031168046225
LL1_terra_canopy_height_long_form_s4_90,c946b500-7645-4de2-b2b6-1a4023376914,MEAN_ABSOLUTE_ERROR,0.7482660096800016,514.5265186217364,single_table_forecasting,-514.5265186217364,-0.1500939591079336
LL0_acled_reduced,f412f415-5b36-4bd5-9f2e-fa4b6e4ac7e3,ACCURACY,0.8036383835578392,0.8036383835578392,single_table_classification,0.8036383835578392,0.07784277656673821
LL1_FaceFour,0be7c7e7-cb41-4fc1-a6c1-9ef9ce3aaf73,F1_MACRO,0.8472339779638929,0.8472339779638929,timeseries_classification,0.8472339779638929,0.08410162947557466
6_70_com_amazon,0a334da5-4413-4bb0-9454-4af9de7af863,NORMALIZED_MUTUAL_INFORMATION,0.8503255421121115,0.8503255421121115,graph_community_detection,0.8503255421121115,0.0
56_sunspots_monthly,1eaba585-d621-4bfe-9ecc-8d06ebc60684,ROOT_MEAN_SQUARED_ERROR,0.9456562086603649,108.7947664505723,single_table_forecasting,-108.7947664505723,-0.0011074126986062472
LL1_FISH,1131eda4-d87e-472d-adb8-e6a50fda2e70,F1_MACRO,0.8601213023325899,0.8601213023325899,timeseries_classification,0.8601213023325899,0.222617359549353
LL1_Haptics,d396b0fc-abcd-459c-9a0a-5406bbf2c2e8,F1_MACRO,0.4146136899901027,0.4146136899901027,timeseries_classification,0.4146136899901027,-0.3011122137265542
30_personae,66b85a4d-793d-4cf3-8f79-984084c49899,F1,0.625,0.625,text_classification,0.625,0.13089031168046225
LL0_1100_popularkids,b73b2670-5b50-4a69-a82d-6c9c9604775f,F1_MACRO,0.36334329101319396,0.36334329101319396,single_table_classification,0.36334329101319396,-0.07688145813277839
SEMI_1044_eye_movements,f661c545-509f-4c1f-9c85-8bd4540c06a1,F1_MACRO,0.6051242501292308,0.6051242501292308,single_table_classification,0.6051242501292308,-0.7071067811865476
185_baseball,66b85a4d-793d-4cf3-8f79-984084c49899,F1_MACRO,0.6991838570785939,0.6991838570785939,single_table_classification,0.6991838570785939,0.13089031168046225
SEMI_1044_eye_movements,9706cbc2-f139-48e8-8398-d736fdc1fa61,F1_MACRO,0.6203183638927253,0.6203183638927253,single_table_classification,0.6203183638927253,0.7071067811865476
LL0_1100_popularkids,246214ff-c2c8-40f4-ac62-87c7981a7bbf,F1_MACRO,0.469867802906151,0.469867802906151,single_table_classification,0.469867802906151,0.34841281010916036
57_hypothyroid,95dd18ba-5025-4043-873f-a146bd120f0c,F1_MACRO,0.9682746364872075,0.9682746364872075,single_table_classification,0.9682746364872075,-0.40955961673086233
LL0_1100_popularkids,7d54f770-f0c1-4b85-b683-76d6bf3d7fb1,F1_MACRO,0.39891818796484113,0.39891818796484113,single_table_classification,0.39891818796484113,0.003647391923539393
196_autoMpg,305dcc15-52c1-4e5b-85f4-146ab140dd36,MEAN_SQUARED_ERROR,0.9966342742663871,6.731476885605536,single_table_regression,-6.731476885605536,0.558972598620725
299_libras_move,bd24a5fb-b6aa-4c72-9812-e510d0660cf9,ACCURACY,0.7777777777777778,0.7777777777777778,single_table_classification,0.7777777777777778,-0.9733285267845748
LL1_TXT_CLS_apple_products_sentiment,bb8a92c7-063c-4dc2-a110-bd33098f3478,ACCURACY,0.699228791773779,0.699228791773779,text_classification,0.699228791773779,0.5464761745558837
1491_one_hundred_plants_margin,66b85a4d-793d-4cf3-8f79-984084c49899,F1_MACRO,0.731436507936508,0.731436507936508,single_table_classification,0.731436507936508,0.13089031168046225
LL1_FaceFour,1131eda4-d87e-472d-adb8-e6a50fda2e70,F1_MACRO,0.8511707342511472,0.8511707342511472,timeseries_classification,0.8511707342511472,0.222617359549353
313_spectrometer,66a1259c-cd2f-4231-8447-6b4532e6b9e0,F1_MACRO,0.5515834145429734,0.5515834145429734,single_table_classification,0.5515834145429734,-0.7071067811865476
LL1_CinC_ECG_torso,0be7c7e7-cb41-4fc1-a6c1-9ef9ce3aaf73,F1_MACRO,0.6142919228953951,0.6142919228953951,timeseries_classification,0.6142919228953951,0.08410162947557466
38_sick,3645257f-3623-4cfc-81e3-108e7e0c2258,F1,0.9052631578947369,0.9052631578947369,single_table_classification,0.9052631578947369,0.9450225321286385
LL1_736_stock_market,c946b500-7645-4de2-b2b6-1a4023376914,MEAN_ABSOLUTE_ERROR,0.9844987417277319,31.005000090589604,single_table_forecasting,-31.005000090589604,-0.1500939591079336
LL1_terra_canopy_height_long_form_s4_80,1eaba585-d621-4bfe-9ecc-8d06ebc60684,MEAN_ABSOLUTE_ERROR,0.856287055983068,289.4295516906346,single_table_forecasting,-289.4295516906346,-0.0011074126986062472
1567_poker_hand,c68e9e01-c0ad-4c3a-9fb0-ad9c55c01f32,F1_MACRO,0.003665627173597533,0.003665627173597533,single_table_classification,0.003665627173597533,-1.0225681408490948
LL1_736_population_spawn_simpler,c946b500-7645-4de2-b2b6-1a4023376914,MEAN_ABSOLUTE_ERROR,8.109842078565122e-28,63072.45138888889,single_table_forecasting,-63072.45138888889,-0.1500939591079336
56_sunspots_monthly,994a9845-f2ef-4388-879f-72de13c30467,ROOT_MEAN_SQUARED_ERROR,0.9813532420165106,37.297839207115615,single_table_forecasting,-37.297839207115615,-0.14939552212048257
185_baseball,56f75e3c-f8df-40a2-9630-360367c432b1,F1_MACRO,0.5842799770510614,0.5842799770510614,single_table_classification,0.5842799770510614,-0.3192537278162825
LL1_Cricket_Y,1131eda4-d87e-472d-adb8-e6a50fda2e70,F1_MACRO,0.5012662396130743,0.5012662396130743,timeseries_classification,0.5012662396130743,0.222617359549353
LL1_FordA,d396b0fc-abcd-459c-9a0a-5406bbf2c2e8,F1,0.6677956534010725,0.6677956534010725,timeseries_classification,0.6677956534010725,-0.3011122137265542
299_libras_move,ta1-perspecta-pipeline-299libras-rfsel,ACCURACY,0.7916666666666666,0.7916666666666666,single_table_classification,0.7916666666666666,-0.6488856845230507
LL1_50words,f1ffbdbf-8a18-4a12-9a37-ce1740e539a6,F1_MACRO,0.004453125,0.004453125,timeseries_classification,0.004453125,-0.7071067811865475
LL0_acled_reduced,6029289e-5a16-485b-9c51-3e657a1b278d,ACCURACY,0.8036383835578392,0.8036383835578392,single_table_classification,0.8036383835578392,0.07784277656673821
LL1_VID_UCF11,e904b247-50f3-44f5-bce4-e4f76fb8e4e9,F1_MACRO,0.976491303510084,0.976491303510084,video_classification,0.976491303510084,0.0
LL1_ElectricDevices,0be7c7e7-cb41-4fc1-a6c1-9ef9ce3aaf73,F1_MACRO,0.3010987944621926,0.3010987944621926,timeseries_classification,0.3010987944621926,0.08410162947557466
loan_status,1fa8db49-d9b4-4fba-af90-d0ceb6a27b23,F1_MACRO,0.33313748531139836,0.33313748531139836,multi_table_classification,0.33313748531139836,-0.7071067811865482
38_sick,6531b053-402c-4a64-b326-0ef0edf49f33,F1,0.6075949367088608,0.6075949367088608,single_table_classification,0.6075949367088608,-0.8593191325954291
LL1_FordA,0be7c7e7-cb41-4fc1-a6c1-9ef9ce3aaf73,F1,0.7128065395095369,0.7128065395095369,timeseries_classification,0.7128065395095369,0.08410162947557466
